id,zh_TW
menu_1000,檔案 > 新建…
menu_1001,檔案 > 從模板新建…
menu_1002,檔案 > 開啟…
menu_1003,檔案 > 在Bridge中瀏覽…
menu_1004,檔案 > 關閉…
menu_2000,檔案 > Close All
menu_1005,檔案 > 儲存…
menu_1006,檔案 > 另存新檔…
menu_1007,檔案 > 儲存副本…
menu_1008,檔案 > 另存新檔模板…
menu_1009,檔案 > 儲存選中的切片…
menu_2070,視窗 > Version History
menu_1010,檔案 > 還原…
menu_1011,檔案 > 搜索Adobe Stock…
menu_1012,檔案 > 放置…
menu_2071,檔案 > Invite to Edit...
menu_2072,檔案 > Share for Review...
menu_1013,檔案 > 生成矢量…
menu_1014,檔案 > 導出 > 屏幕導出…
menu_1015,檔案 > 導出 > 導出為…
menu_1016,檔案 > 導出 > 存儲為Web格式(舊版)…
menu_1017,檔案 > 導出選取…
menu_1018,檔案 > 打包…
menu_1019,檔案 > 腳本 > 其他腳本…
menu_1021,檔案 > 文檔顏色模式 > CMYK顏色…
menu_1022,檔案 > 文檔顏色模式 > RGB顏色…
menu_1023,檔案 > 檔案信息…
menu_1024,檔案 > 打印…
menu_1025,檔案 > 退出…
menu_1026,編輯 > 撤銷…
menu_1027,編輯 > 重做…
menu_1028,編輯 > 剪切…
menu_1029,編輯 > 復制…
menu_1030,編輯 > 粘貼…
menu_1031,編輯 > Paste in Front
menu_1032,編輯 > Paste in Back
menu_1033,編輯 > Paste in Place
menu_1034,編輯 > Paste on All Artboards
menu_1035,編輯 > Paste without Formatting
menu_1036,編輯 > Clear
menu_1037,編輯 > Find and Replace...
menu_1038,編輯 > Find Next
menu_1039,編輯 > Spelling > Auto Spell Check
menu_1040,編輯 > Spelling > Check Spelling...
menu_1041,編輯 > Edit Custom Dictionary...
menu_1042,編輯 > Edit Colors > Recolor Artwork...
menu_1043,編輯 > Edit Colors > Adjust Color Balance...
menu_1044,編輯 > Edit Colors > Blend Front to Back
menu_1045,編輯 > Edit Colors > Blend Horizontally
menu_1046,編輯 > Edit Colors > Blend Vertically
menu_1047,編輯 > Edit Colors > Convert to CMYK
menu_1048,編輯 > Edit Colors > Convert to Grayscale
menu_1049,編輯 > Edit Colors > Convert to RGB
menu_1050,編輯 > Edit Colors > Generative Recolor
menu_1051,編輯 > Edit Colors > Invert Colors
menu_1052,編輯 > Edit Colors > Overprint Black...
menu_1053,編輯 > Edit Colors > Saturate...
menu_1054,編輯 > Edit Original
menu_2079,編輯 > Prompt to edit
menu_1055,編輯 > Transparency Flattener Presets...
menu_1056,編輯 > Print Presets...
menu_1057,編輯 > Adobe PDF Presets...
menu_1058,編輯 > Perspective Grid Presets...
menu_1059,編輯 > Color Settings...
menu_1060,編輯 > Assign Profile...
menu_1061,編輯 > Keyboard Shortcuts...
menu_1062,編輯 > SWF Presets...
menu_1064,物件 > Transform > Transform Again
menu_1065,物件 > Transform > Move...
menu_1066,物件 > Transform > Rotate...
menu_1067,物件 > Transform > Reflect...
menu_1068,物件 > Transform > Scale...
menu_1069,物件 > Transform > Shear...
menu_1070,物件 > Transform > Transform Each...
menu_1071,物件 > Transform > Reset Bounding Box
menu_1072,物件 > Arrange > Bring to Front
menu_1073,物件 > Arrange > Bring Forward
menu_1074,物件 > Arrange > Send Backward
menu_1075,物件 > Arrange > Send to Back
menu_1076,物件 > Arrange > Send to Current Layer
menu_1077,物件 > Align > Horizontal Align Left
menu_1078,物件 > Align > Horizontal Align Center
menu_1079,物件 > Align > Horizontal Align Right
menu_2083,Horizontal & Vertical Align Center
menu_1080,物件 > Align > Vertical Align Top
menu_1081,物件 > Align > Vertical Align Center
menu_1082,物件 > Align > Vertical Align Bottom
menu_2170,物件 > Align > Align To Selection
menu_2171,物件 > Align > Align To Key Object
menu_2172,物件 > Align > Align To Artboard
menu_1083,物件 > Distribute > Vertical Distribute Top
menu_1084,物件 > Distribute > Vertical Distribute Center
menu_1085,物件 > Distribute > Vertical Distribute Bottom
menu_1086,物件 > Distribute > Horizontal Distribute Left
menu_1087,物件 > Distribute > Horizontal Distribute Center
menu_1088,物件 > Distribute > Horizontal Distribute Right
menu_2173,物件 > Distribute > Vertical Distribute Space
menu_2174,物件 > Distribute > Horizontal Distribute Space
menu_1089,物件 > Group
menu_1090,物件 > Ungroup
menu_1091,物件 > Ungroup All
menu_1092,物件 > Lock > Selection
menu_1093,物件 > Lock > All Artwork Above
menu_1094,物件 > Lock > Other Layers
menu_1095,物件 > Unlock All
menu_1096,物件 > Hide > Selection
menu_1097,物件 > Hide > All Artwork Above
menu_1098,物件 > Hide > Other Layers
menu_1099,物件 > Show All
menu_2085,物件 > Remove Background
menu_1100,物件 > Crop Image
menu_1101,物件 > Rasterize...
menu_1102,物件 > Create Gradient Mesh...
menu_1103,物件 > Create Object Mosaic...
menu_1104,物件 > Create Trim Marks
menu_1105,物件 > Flatten Transparency...
menu_1106,物件 > Make Pixel Perfect
menu_1107,物件 > Generative > Generate Vectors...
menu_1108,物件 > Generative > Generative Shape Fill...
menu_2086,物件 > Generative > Concept to Vector
menu_2087,物件 > Generative > Turntable
menu_2088,物件 > Generative > Text > Rewrite...
menu_2180,物件 > Generative > Rewrite > Generate Text...
menu_2091,物件 > Generative > Rewrite > Fit text
menu_2090,物件 > Generative > Rewrite > Proofread
menu_2089,物件 > Generative > Rewrite > Translate...
menu_1109,物件 > Generative > Generative Expand > 建立
menu_1110,物件 > Generative > Generative Expand > Combine
menu_1111,物件 > Generative > Print Bleed
menu_1112,物件 > Generative > Generative Recolor
menu_1113,物件 > Generative > Generate Patterns
menu_1114,物件 > Generative > Generation History
menu_1115,物件 > Slice > 建立
menu_1116,物件 > Slice > 釋放
menu_1117,物件 > Slice > Create from Guides
menu_1118,物件 > Slice > Create from Selection
menu_1119,物件 > Slice > Duplicate Slice
menu_1120,物件 > Slice > Combine Slices
menu_1121,物件 > Slice > Divide Slices...
menu_1122,物件 > Slice > Delete All
menu_1123,物件 > Slice > Slice Options...
menu_1124,物件 > Slice > Clip to Artboard
menu_1125,物件 > Generate Vectors...
menu_1126,物件 > Expand...
menu_1127,物件 > Expand Appearance
menu_1128,物件 > 路徑 > 連接
menu_1129,物件 > 路徑 > 平均…
menu_1130,物件 > 路徑 > 外框筆畫
menu_1131,物件 > 路徑 > 位移路徑…
menu_1132,物件 > 路徑 > 反轉路徑方向
menu_1133,物件 > 路徑 > 簡化…
menu_1134,物件 > 路徑 > 增加錨點
menu_1135,物件 > 路徑 > 移除錨點
menu_1136,物件 > 路徑 > 分割下方物件
menu_1137,物件 > 路徑 > 分割成網格…
menu_1138,物件 > 路徑 > 清除…
menu_1139,物件 > 路徑 > 平滑…
menu_1140,物件 > Shape > Convert to Shape
menu_1141,物件 > Shape > Expand Shape
menu_1142,物件 > Gen Shape Fill...
menu_1143,物件 > Generative Expand > Make...
menu_1144,物件 > Generative Expand > Combine
menu_1145,物件 > Print Bleed...
menu_1146,物件 > Pattern > 建立
menu_1147,物件 > Pattern > Edit Pattern
menu_1148,物件 > Pattern > Tile Edge Color...
menu_1149,物件 > Pattern > Generate Patterns
menu_1150,物件 > Pattern > Generate Patterns
menu_1151,物件 > Intertwine > 建立
menu_1152,物件 > Intertwine > 釋放
menu_1153,物件 > Intertwine > 編輯
menu_1154,物件 > Repeat > Radial
menu_1155,物件 > Repeat > Grid
menu_1156,物件 > Repeat > Mirror
menu_1157,物件 > Repeat > 釋放
menu_1158,物件 > Repeat > 選項…
menu_1159,物件 > 沿路徑排列物件 > 附加…
menu_1160,物件 > 沿路徑排列物件 > 選項…
menu_1161,物件 > 沿路徑排列物件 > 展開
menu_1162,物件 > Blend > 建立
menu_1163,物件 > Blend > 釋放
menu_1164,物件 > Blend > Blend Options...
menu_1165,物件 > Blend > 展開
menu_1166,物件 > Blend > Replace Spine
menu_1167,物件 > Blend > Reverse Spine
menu_1168,物件 > Blend > Reverse Front to Back
menu_1169,物件 > Envelope Distort > Make with Warp...
menu_1170,物件 > Envelope Distort > Make with Mesh...
menu_1171,物件 > Envelope Distort > Make with Top Object
menu_1172,物件 > Envelope Distort > 釋放
menu_1173,物件 > Envelope Distort > Envelope Options...
menu_1174,物件 > Envelope Distort > 展開
menu_1175,物件 > Envelope Distort > Edit Contents
menu_1176,物件 > Perspective > Attach to Active Plane
menu_1177,物件 > Perspective > Release with Perspective
menu_1178,物件 > Perspective > Move Plane to Match Object
menu_1179,物件 > Perspective > Edit Text
menu_1180,物件 > Live Paint > 建立
menu_1181,物件 > Live Paint > Merge
menu_1182,物件 > Live Paint > 釋放
menu_1183,物件 > Live Paint > Gap Options...
menu_1184,物件 > Live Paint > 展開
menu_1185,物件 > Image Trace > 建立
menu_1186,物件 > Image Trace > Make and Expand
menu_1187,物件 > Image Trace > 釋放
menu_1188,物件 > Image Trace > 展開
menu_1189,物件 > Mockup > Make / Preview
menu_1190,物件 > Mockup > 釋放
menu_1191,物件 > Mockup > 編輯
menu_1192,物件 > Text Wrap > 建立
menu_1193,物件 > Text Wrap > 釋放
menu_1194,物件 > Text Wrap > Text Wrap Options...
menu_1195,物件 > Clipping Mask > 建立
menu_1196,物件 > Clipping Mask > 釋放
menu_1197,物件 > Clipping Mask > Edit Mask
menu_1198,物件 > 複合路徑 > 建立
menu_1199,物件 > 複合路徑 > 釋放
menu_1200,物件 > Artboards > Convert to Artboards
menu_1201,物件 > Artboards > Rearrange Artboards
menu_1202,物件 > Artboards > Fit to Artwork Bounds
menu_1203,物件 > Artboards > Switch Orientation
menu_1204,物件 > Artboards > Fit to Selected Art
menu_1205,物件 > Graph > Type...
menu_1206,物件 > Graph > Data...
menu_1207,物件 > Graph > Design...
menu_1208,物件 > Graph > Column...
menu_1209,物件 > Graph > Marker...
menu_1210,文字 > More from Adobe Fonts...
menu_1211,文字 > Glyphs
menu_1212,文字 > Convert to Area Type / Point Type
menu_1213,文字 > Area Type Options...
menu_1214,文字 > 路徑文字 > Rainbow
menu_1215,文字 > 路徑文字 > Skew
menu_1216,文字 > 路徑文字 > 3D Ribbon
menu_1217,文字 > 路徑文字 > Stair Step
menu_1218,文字 > 路徑文字 > Gravity
menu_1219,文字 > 路徑文字 > 路徑文字選項…
menu_1220,文字 > 路徑文字 > 更新舊版路徑文字
menu_1221,文字 > Threaded Text > Create
menu_1222,文字 > Threaded Text > Release Selection
menu_1223,文字 > Threaded Text > Remove Threading
menu_1224,文字 > Fit Headline
menu_1225,文字 > Resolve Missing Fonts...
menu_1226,文字 > Find/Replace Font...
menu_1227,文字 > Change Case > UPPERCASE
menu_1228,文字 > Change Case > lowercase
menu_1229,文字 > Change Case > Title Case
menu_1230,文字 > Change Case > Sentence case
menu_1231,文字 > Smart Punctuation...
menu_1232,文字 > Create Outlines
menu_1233,文字 > Optical Margin Alignment
menu_2094,文字 > Retype
menu_2095,文字 > Rewrite...
menu_1234,文字 > Bullets and Numbering > Convert to text
menu_2001,文字 > Insert Special Character > Symbols > Bullet
menu_2002,文字 > Insert Special Character > Symbols > Copyright Symbol
menu_2003,文字 > Insert Special Character > Symbols > Ellipsis
menu_2004,文字 > Insert Special Character > Symbols > Paragraph Symbol
menu_2005,文字 > Insert Special Character > Symbols > Registered Trademark Symbol
menu_2006,文字 > Insert Special Character > Symbols > Section Symbol
menu_2007,文字 > Insert Special Character > Symbols > Trademark Symbol
menu_2008,文字 > Insert Special Character > Hyphens And Dashes > Em Dash
menu_2009,文字 > Insert Special Character > Hyphens And Dashes > En Dash
menu_2010,文字 > Insert Special Character > Hyphens And Dashes > Discretionary Hyphen
menu_2011,文字 > Insert Special Character > Quotation Marks > Double Left Quotation Marks
menu_2012,文字 > Insert Special Character > Quotation Marks > Double Right Quotation Marks
menu_2013,文字 > Insert Special Character > Quotation Marks > Single Left Quotation Marks
menu_2014,文字 > Insert Special Character > Quotation Marks > Single Right Quotation Marks
menu_2015,文字 > Insert WhiteSpace Character > Em Space
menu_2016,文字 > Insert WhiteSpace Character > En Space
menu_2017,文字 > Insert WhiteSpace Character > Hair Space
menu_2018,文字 > Insert WhiteSpace Character > Thin Space
menu_2019,文字 > Insert Break Character > Forced Line Break
menu_1235,文字 > Show Hidden Characters
menu_1236,文字 > Type Orientation > Horizontal
menu_1237,文字 > Type Orientation > Vertical
menu_1238,選取 > All
menu_1239,選取 > All on Active Artboard
menu_1240,選取 > Deselect
menu_1241,選取 > Reselect
menu_1242,選取 > Inverse
menu_1243,選取 > Next Object Above
menu_1244,選取 > Next Object Below
menu_1245,選取 > Same > Appearance
menu_1246,選取 > Same > Appearance Attribute
menu_1247,選取 > Same > Blending Mode
menu_1248,選取 > Same > Fill & Stroke
menu_1249,選取 > Same > Fill Color
menu_1250,選取 > Same > Opacity
menu_1251,選取 > Same > Stroke Color
menu_1252,選取 > Same > Stroke Weight
menu_1253,選取 > Same > Graphic Style
menu_1254,選取 > Same > Shape
menu_1255,選取 > Same > Symbol Instance
menu_1256,選取 > Same > Link Block Series
menu_1257,選取 > Same > Font Family
menu_1258,選取 > Same > Font Family & Style
menu_1259,"選取 > Same > Font Family, Style & Size"
menu_1260,選取 > Same > Font Size
menu_1261,選取 > Same > Text Fill Color
menu_1262,選取 > Same > Text Stroke Color
menu_1263,選取 > Same > Text Fill & Stroke Color
menu_1264,選取 > 物件 > All on Same Layers
menu_1265,選取 > 物件 > Direction Handles
menu_1266,選取 > 物件 > Bristle Brush Strokes
menu_1267,選取 > 物件 > Brush Strokes
menu_1268,選取 > 物件 > Clipping Masks
menu_1269,選取 > 物件 > Stray Points
menu_1270,選取 > 物件 > All Text Objects
menu_1271,選取 > 物件 > Point Type Objects
menu_1272,選取 > 物件 > Area Type Objects
menu_1273,選取 > Start/Stop Global Edit
menu_1274,選取 > Save Selection...
menu_1275,選取 > Edit Selection...
menu_1276,選取 > Update Selection
menu_1277,效果 > Apply Last Effect
menu_1278,效果 > Last Effect
menu_1279,效果 > Document Raster Effects Settings...
menu_1280,效果 > 3D and Materials > Extrude & Bevel...
menu_1281,效果 > 3D and Materials > Revolve...
menu_1282,效果 > 3D and Materials > Inflate...
menu_1283,效果 > 3D and Materials > Rotate...
menu_1284,效果 > 3D and Materials > Materials...
menu_1285,效果 > 3D and Materials > 3D (Classic) > Extrude & Bevel (Classic)...
menu_1286,效果 > 3D and Materials > 3D (Classic) > Revolve (Classic)...
menu_1287,效果 > 3D and Materials > 3D (Classic) > Rotate (Classic)...
menu_1288,效果 > Convert to Shape > Rectangle...
menu_1289,效果 > Convert to Shape > Rounded Rectangle...
menu_1290,效果 > Convert to Shape > Ellipse...
menu_1291,效果 > Crop Marks
menu_1292,效果 > Distort & Transform > Free Distort...
menu_1293,效果 > Distort & Transform > Pucker & Bloat...
menu_1294,效果 > Distort & Transform > Roughen...
menu_1295,效果 > Distort & Transform > Transform...
menu_1296,效果 > Distort & Transform > Tweak...
menu_1297,效果 > Distort & Transform > Twist...
menu_1298,效果 > Distort & Transform > Zig Zag...
menu_1299,效果 > 路徑 > 位移路徑…
menu_1300,效果 > 路徑 > 物件外框
menu_1301,效果 > 路徑 > 外框筆畫
menu_1302,效果 > 路徑管理員 > Add
menu_1303,效果 > 路徑管理員 > Intersect
menu_1304,效果 > 路徑管理員 > Exclude
menu_1305,效果 > 路徑管理員 > Subtract
menu_1306,效果 > 路徑管理員 > Minus Back
menu_1307,效果 > 路徑管理員 > Divide
menu_1308,效果 > 路徑管理員 > Trim
menu_1309,效果 > 路徑管理員 > Merge
menu_1310,效果 > 路徑管理員 > Crop
menu_1311,效果 > 路徑管理員 > Outline
menu_1312,效果 > 路徑管理員 > Hard Mix
menu_1313,效果 > 路徑管理員 > Soft Mix...
menu_1314,效果 > 路徑管理員 > Trap...
menu_1315,效果 > Rasterize...
menu_1316,效果 > Stylize > Drop Shadow...
menu_1317,效果 > Stylize > Feather...
menu_1318,效果 > Stylize > Inner Glow...
menu_1319,效果 > Stylize > Outer Glow...
menu_1320,效果 > Stylize > Round Corners...
menu_1321,效果 > Stylize > Scribble...
menu_1324,效果 > Warp > Arc...
menu_1325,效果 > Warp > Arc Lower...
menu_1326,效果 > Warp > Arc Upper...
menu_1327,效果 > Warp > Arch...
menu_1328,效果 > Warp > Bulge...
menu_1329,效果 > Warp > Shell Lower...
menu_1330,效果 > Warp > Shell Upper...
menu_1331,效果 > Warp > Flag...
menu_1332,效果 > Warp > Wave...
menu_1333,效果 > Warp > Fish...
menu_1334,效果 > Warp > Rise...
menu_1335,效果 > Warp > Fisheye...
menu_1336,效果 > Warp > Inflate...
menu_1337,效果 > Warp > Squeeze...
menu_1338,效果 > Warp > Twist...
menu_1339,效果 > Effect Gallery...
menu_1340,效果 > Artistic > Colored Pencil...
menu_1341,效果 > Artistic > Cutout...
menu_1342,效果 > Artistic > Dry Brush...
menu_1343,效果 > Artistic > Film Grain...
menu_1344,效果 > Artistic > Fresco...
menu_1345,效果 > Artistic > Neon Glow...
menu_1346,效果 > Artistic > Paint Daubs...
menu_1347,效果 > Artistic > Palette Knife...
menu_1348,效果 > Artistic > Plastic Wrap...
menu_1349,效果 > Artistic > Poster Edges...
menu_1350,效果 > Artistic > Rough Pastels...
menu_1351,效果 > Artistic > Smudge Stick...
menu_1352,效果 > Artistic > Sponge...
menu_1353,效果 > Artistic > Underpainting...
menu_1354,效果 > Artistic > Watercolor...
menu_1355,效果 > Blur > Gaussian Blur...
menu_1356,效果 > Blur > Radial Blur...
menu_1357,效果 > Blur > Smart Blur...
menu_1358,效果 > Brush Strokes > Accented Edges...
menu_1359,效果 > Brush Strokes > Angled Strokes...
menu_1360,效果 > Brush Strokes > Crosshatch...
menu_1361,效果 > Brush Strokes > Dark Strokes...
menu_1362,效果 > Brush Strokes > Ink Outlines...
menu_1363,效果 > Brush Strokes > Spatter...
menu_1364,效果 > Brush Strokes > Sprayed Strokes...
menu_1365,效果 > Brush Strokes > Sumi-e...
menu_1366,效果 > Distort > Diffuse Glow...
menu_1367,效果 > Distort > Glass...
menu_1368,效果 > Distort > Ocean Ripple...
menu_1369,效果 > Pixelate > Color Halftone...
menu_1370,效果 > Pixelate > Crystallize...
menu_1371,效果 > Pixelate > Mezzotint...
menu_1372,效果 > Pixelate > Pointillize...
menu_1373,效果 > Sketch > Bas Relief...
menu_1374,效果 > Sketch > Chalk & Charcoal...
menu_1375,效果 > Sketch > Charcoal...
menu_1376,效果 > Sketch > Chrome...
menu_1377,效果 > Sketch > Conté Crayon...
menu_1378,效果 > Sketch > Graphic Pen...
menu_1379,效果 > Sketch > Halftone Pattern...
menu_1380,效果 > Sketch > Note Paper...
menu_1381,效果 > Sketch > Photocopy...
menu_1382,效果 > Sketch > Plaster...
menu_1383,效果 > Sketch > Reticulation...
menu_1384,效果 > Sketch > Stamp...
menu_1385,效果 > Sketch > Torn Edges...
menu_1386,效果 > Sketch > Water Paper...
menu_1387,效果 > Stylize > Glowing Edges...
menu_1388,效果 > Texture > Craquelure...
menu_1389,效果 > Texture > Grain...
menu_1390,效果 > Texture > Mosaic Tiles...
menu_1391,效果 > Texture > Patchwork...
menu_1392,效果 > Texture > Stained Glass...
menu_1393,效果 > Texture > Texturizer...
menu_1394,效果 > Video > De-Interlace...
menu_1395,效果 > Video > NTSC Colors
menu_1396,檢視 > Outline / Preview
menu_1397,View using GPU / CPU
menu_1398,檢視 > Overprint Preview
menu_1399,檢視 > Pixel Preview
menu_1400,檢視 > Proof Setup > Working CMYK
menu_1401,檢視 > Proof Setup > Legacy Macintosh RGB (Gamma 1.8)
menu_1402,檢視 > Proof Setup > Internet Standard RGB (sRGB)
menu_1403,檢視 > Proof Setup > Monitor RGB
menu_1404,檢視 > Proof Setup > Color blindness - Protanopia-type
menu_1405,檢視 > Proof Setup > Color blindness - Deuteranopia-type
menu_1406,檢視 > Proof Setup > Customize...
menu_1407,檢視 > Proof Colors
menu_1408,檢視 > Zoom In
menu_1409,檢視 > Zoom Out
menu_1410,檢視 > Fit Artboard in Window
menu_1411,檢視 > Fit All in Window
menu_1412,檢視 > Show / Hide Slices
menu_1413,檢視 > Lock Slices
menu_1414,檢視 > Show / Hide Bounding Box
menu_1415,檢視 > Show / Hide Transparency Grid
menu_1416,檢視 > Actual Size
menu_1417,檢視 > Show / Hide Live Paint Gaps
menu_1418,檢視 > Show / Hide Gradient Annotator
menu_1419,檢視 > Show / Hide Corner Widget
menu_1420,檢視 > Show / Hide Edges
menu_1421,檢視 > Smart Guides
menu_1422,檢視 > Perspective Grid > Show / Hide Grid
menu_1423,檢視 > Perspective Grid > Show / Hide Rulers
menu_1424,檢視 > Perspective Grid > Snap to Grid
menu_1425,檢視 > Perspective Grid > Lock Grid
menu_1426,檢視 > Perspective Grid > Lock Station Point
menu_1427,檢視 > Perspective Grid > Define Grid...
menu_1429,檢視 > Show / Hide Artboards
menu_1430,檢視 > Show / Hide Print Tiling
menu_1431,檢視 > Show / Hide Template
menu_1432,檢視 > Rulers > Show / Hide Rulers
menu_1433,檢視 > Rulers > Change to Global Rulers
menu_1434,檢視 > Rulers > Show / Hide Video Rulers
menu_1435,檢視 > Show / Hide Text Threads
menu_1436,檢視 > Guides > Show / Hide Guides
menu_1437,檢視 > Guides > Lock / Unlock Guides
menu_1438,檢視 > Guides > Make Guides
menu_1439,檢視 > Guides > Release Guides
menu_1440,檢視 > Guides > Clear Guides
menu_1441,檢視 > Show / Hide Grid
menu_1442,檢視 > Snap to Grid
menu_1443,檢視 > Snap to Point
menu_1444,檢視 > New View...
menu_1445,檢視 > Edit Views...
menu_1446,視窗 > New Window
menu_1447,視窗 > Arrange > Cascade
menu_1448,視窗 > Arrange > Tile
menu_1449,視窗 > Arrange > Float in Window
menu_1450,視窗 > Arrange > Float All in Windows
menu_1451,視窗 > Arrange > Consolidate All Windows
menu_1452,視窗 > Find Extensions on Exchange...
menu_1453,視窗 > Reset Workspace
menu_1454,視窗 > Workspace > New Workspace...
menu_1455,視窗 > Workspace > Manage Workspaces...
menu_1457,視窗 > Control
menu_1458,視窗 > Toolbars > Advanced
menu_1459,視窗 > Toolbars > Basic
menu_1460,視窗 > Toolbars > Getting Started
menu_1461,視窗 > Toolbars > New Toolbar...
menu_1462,視窗 > Toolbars > Manage Toolbars...
menu_1463,視窗 > 3D and Materials
menu_1464,視窗 > Actions
menu_1465,視窗 > Align
menu_1466,視窗 > Appearance
menu_1467,視窗 > Artboards
menu_1468,視窗 > Asset Export
menu_1469,視窗 > Attributes
menu_2181,視窗 > Blend
menu_1470,視窗 > Brushes
menu_1471,視窗 > Color
menu_1472,視窗 > Color Guide
menu_1473,視窗 > Color Themes
menu_1474,視窗 > Comments
menu_2160,視窗 > Concept to Vector
menu_1475,視窗 > CSS Properties (Deprecated)
menu_1476,視窗 > Document Info
menu_1477,視窗 > Flattener Preview
menu_1478,視窗 > Generation History
menu_1479,視窗 > Generated Variations
menu_1480,視窗 > Gradient
menu_1481,視窗 > Graphic Styles
menu_1482,視窗 > History
menu_1483,視窗 > History
menu_1484,視窗 > Image Trace
menu_1485,視窗 > Info
menu_1486,視窗 > Layers
menu_1487,視窗 > Learn
menu_1488,視窗 > Libraries
menu_1489,視窗 > Links
menu_1490,視窗 > Magic Wand
menu_1491,視窗 > Mockup
menu_1492,視窗 > Navigator
menu_1493,視窗 > 路徑管理員
menu_1494,視窗 > Pattern Options
menu_1496,視窗 > Retype
menu_1497,視窗 > Separations Preview
menu_1498,視窗 > Stroke
menu_1499,視窗 > SVG Interactivity
menu_1500,視窗 > Swatches
menu_1501,視窗 > Symbols
menu_1502,視窗 > Transform
menu_1503,視窗 > Transparency
menu_1504,視窗 > 文字 > Character
menu_1505,視窗 > 文字 > Character Styles
menu_1506,視窗 > 文字 > Glyphs
menu_1507,視窗 > 文字 > OpenType
menu_1508,視窗 > 文字 > Paragraph
menu_1509,視窗 > 文字 > Paragraph Styles
menu_1510,視窗 > 文字 > Reflow Viewer
menu_1511,視窗 > 文字 > Tabs
menu_1512,視窗 > Variables
menu_1513,視窗 > Version History
menu_1539,視窗 > Brush Libraries > Other Library...
menu_1552,視窗 > Graphic Style Libraries > Other Library...
menu_1654,視窗 > Swatch Libraries > Other Library...
menu_1683,視窗 > Symbol Libraries > Other Library...
menu_1684,說明 > Illustrator Help...
menu_1685,說明 > Tutorials...
menu_2161,說明 > What's New...
menu_1686,說明 > Support Community
menu_1687,說明 > Submit Bug/Feature Request...
menu_1688,說明 > System Info...
menu_1694,Palette > Actions > Batch...
menu_1695,Palette > Appearance > Add New Fill
menu_1696,Palette > Appearance > Add New Stroke
menu_1697,Palette > Graphic Styles > New Graphic Style...
menu_1698,Palette > Layers > New Layer
menu_1699,Palette > Layers > New Layer with Dialog...
menu_1700,Palette > Links > Update Link
menu_1701,Palette > Swatches > New Swatch...
menu_1702,Palette > Symbols > New Symbol...
menu_1703,About Illustrator...
menu_1704,Preferences > General...
menu_1705,Preferences > Selection & Anchor Display...
menu_1706,Preferences > Type...
menu_1707,Preferences > Units...
menu_1708,Preferences > Guides & Grid...
menu_1709,Preferences > Smart Guides...
menu_1710,Preferences > Slices...
menu_1711,Preferences > Hyphenation...
menu_1712,Preferences > Plug-ins & Scratch Disks...
menu_1713,Preferences > User Interface...
menu_1714,Preferences > Performance
menu_1715,Preferences > File Handling...
menu_1716,Preferences > Clipboard Handling
menu_1717,Preferences > Appearance of Black...
menu_1718,Preferences > Devices
menu_1719,Debug Panel
menu_2020,Other Text > Point Size Up
menu_2021,Other Text > Point Size Down
menu_2022,Other Text > Font Size Step Up
menu_2023,Other Text > Font Size Step Down
menu_2024,Other Text > Kern Looser
menu_2025,Other Text > Kern Tighter
menu_2026,Other Text > Tracking
menu_2027,Other Text > Clear Tracking
menu_2028,Other Text > Spacing
menu_2029,Other Text > Uniform Type
menu_2030,Other Text > Highlight Font
menu_2031,Other Text > Highlight Font (Secondary)
menu_2032,Other Text > Left Align Text
menu_2033,Other Text > Center Text
menu_2034,Other Text > Right Align Text
menu_2035,Other Text > Justify Text Left
menu_2036,Other Text > Justify Text Center
menu_2037,Other Text > Justify Text Right
menu_2038,Other Text > Justify All Lines
menu_2039,Other Text > Toggle Auto Hyphenation
menu_2040,Other Text > Toggle Line Composer
menu_2041,Other Text > Subscript
menu_2042,Other Text > Superscript
menu_2043,Other Text > Bold
menu_2044,Other Text > Italic
menu_2045,Other Text > Underline
menu_2046,Other Object > Lock Others
menu_2047,Other Object > Hide Others
menu_2048,Other Object > Repeat Pathfinder
menu_2049,Other Object > Average & Join
menu_2050,Other Object > Isolate Selected Object
menu_2051,Other Object > Exit Isolation Mode
menu_2052,Other Select > Switch Selection Tool
menu_2053,Other Misc > New File (No Dialog)
menu_2060,Other Misc > Navigate to Next Document
menu_2061,Other Misc > Navigate to Previous Document
menu_2062,Other Misc > Navigate to Next Document Group
menu_2063,Other Misc > Navigate to Previous Document Group
tool_1000,Add Anchor Point Tool
tool_1001,Anchor Point Tool
tool_1002,Arc Tool
tool_1003,Area Graph Tool
tool_1004,Area Type Tool
tool_1005,沿路徑排列物件
tool_1006,Artboard Tool
tool_1007,Bar Graph Tool
tool_1008,Blend Tool
tool_1009,Bloat Tool
tool_1010,Blob Brush Tool
tool_1011,Column Graph Tool
tool_1012,Crystallize Tool
tool_1013,Curvature Tool
tool_1014,Delete Anchor Point Tool
tool_1015,Dimension Tool
tool_1016,Direct Selection Tool
tool_1017,Ellipse Tool
tool_1018,Eraser Tool
tool_1019,Eyedropper Tool
tool_1020,Flare Tool
tool_1021,Free Transform Tool
tool_1022,Gradient Tool
tool_1023,Group Selection Tool
tool_1024,Hand Tool
tool_1025,Intertwine Tool
tool_1026,Join Tool
tool_1027,Knife Tool
tool_1028,Lasso Tool
tool_1029,Line Graph Tool
tool_1030,Line Segment Tool
tool_1031,Live Paint Bucket Tool
tool_1032,Live Paint Selection Tool
tool_1033,Magic Wand Tool
tool_1034,Measure Tool
tool_1035,Mesh Tool
tool_1036,Paintbrush Tool
tool_1037,Path Eraser Tool
tool_1038,Pattern Tile Tool
tool_1039,Pen Tool
tool_1040,Pencil Tool
tool_1041,Perspective Grid Tool
tool_1042,Perspective Selection Tool
tool_1043,Pie Graph Tool
tool_1045,Polar Grid Tool
tool_1046,Polygon Tool
tool_1047,Print Tiling Tool
tool_1048,Pucker Tool
tool_1049,Puppet Warp Tool
tool_1050,Radar Graph Tool
tool_1051,Rectangle Tool
tool_1052,Rectangular Grid Tool
tool_1053,Reflect Tool
tool_1054,Reshape Tool
tool_1055,Rotate Tool
tool_1056,Rotate View Tool
tool_1057,Rounded Rectangle Tool
tool_1058,Scale Tool
tool_1059,Scallop Tool
tool_1060,Scatter Graph Tool
tool_1061,Scissors Tool
tool_1062,Selection Tool
tool_1063,Shape Builder Tool
tool_1064,Shaper Tool
tool_1065,Shear Tool
tool_1066,Slice Tool
tool_1067,Slice Selection Tool
tool_1068,Smooth Tool
tool_1069,Spiral Tool
tool_1070,Stacked Bar Graph Tool
tool_1071,Stacked Column Graph Tool
tool_1072,Star Tool
tool_1074,Symbol Screener Tool
tool_1075,Symbol Scruncher Tool
tool_1076,Symbol Shifter Tool
tool_1077,Symbol Sizer Tool
tool_1078,Symbol Spinner Tool
tool_1079,Symbol Sprayer Tool
tool_1080,Symbol Stainer Tool
tool_1081,Symbol Styler Tool
tool_1082,Touch Type Tool
tool_1083,Twirl Tool
tool_1084,Type Tool
tool_1085,Type on a Path Tool
tool_1086,Vertical Area Type Tool
tool_1087,Vertical Type Tool
tool_1088,Vertical Type on a Path Tool
tool_1089,Warp Tool
tool_1090,Width Tool
tool_1091,Wrinkle Tool
tool_1092,Zoom Tool
builtin_documentReport,Active Document Report
builtin_addCustomCommands,Add Custom Commands...
builtin_allActions,All Actions...
builtin_allBookmarks,All Bookmarks...
builtin_allCustomCommands,All Custom Commands...
builtin_allMenus,All Menu Commands...
builtin_allPickers,All Pickers...
builtin_allScripts,All Scripts...
builtin_allTools,All Tools...
builtin_allWorkflows,All Workflows...
builtin_buildWorkflow,Build Workflow...
builtin_editWorkflow,Edit Workflow...
builtin_buildPicker,Build Picker...
builtin_editPicker,Edit Picker...
builtin_imageCapture,Export Active Artboard As PNG
builtin_exportVariables,Export Document Variables As XML
builtin_goToArtboard,Go To Artboard...
builtin_goToNamedObject,Go To Named Object...
builtin_goToDocument,Go To Open Document
builtin_loadFileBookmark,Load File Bookmark(s)...
builtin_loadFolderBookmark,Load Folder Bookmark...
builtin_loadScript,Load Script(s)...
builtin_recentFiles,Open Recent File...
builtin_recentCommands,Recent Commands (History)...
builtin_redrawWindows,Redraw Windows
builtin_revealActiveDocument,Reveal Active Document On System
builtin_watchScriptFolder,Watch Script Folder...
config_about,About Ai Command Palette...
config_builtinCommands,Built-in Commands...
config_clearHistory,Clear History
config_customizeStartup,Customize Startup Commands...
config_deleteCommand,Delete Commands...
config_enableFuzzyMatching,Enable Fuzzy Matching
config_disableFuzzyMatching,Disable Fuzzy Matching
config_enableDebugLogging,Enable Debug Logging
config_disableDebugLogging,Disable Debug Logging
config_hideCommand,Hide Commands...
config_revealLog,Reveal Log
config_revealPrefFile,Reveal Preferences File
config_removeWatchedFolders,Remove Watched Folder(s)...
config_settings,Ai Command Palette Settings...
config_unhideCommand,Unhide Commands...
