value,zh_TW
about,關於
ac_error_execution,執行動作時發生錯誤：\n%1\n\n%2
action,動作
Actions,動作
active_document_not_saved,目前的文件尚未儲存到檔案系統。
add_custom_commands_dialog_title,新增自訂指令
artboard,工作區域
artboards,工作區域
bm_already_loaded,書籤已載入。
bm_error_execution,開啟書籤時發生錯誤：\n%1\n\n%2
bm_error_exists,原始路徑中的書籤已不存在。請嘗試重新載入。\n%1
bm_error_loading,載入書籤時發生錯誤：\n%1
bm_load_bookmark,載入書籤
bm_total_loaded,已載入的書籤總數：\n%1
bookmark,書籤
Bookmarks,書籤
builtin,內建
cancel,取消
cd_active_document_required,指令「%1」需要開啟中的文件。仍要繼續嗎？
cd_active_selection_required,指令「%1」需要目前有選取物件。仍要繼續嗎？
cd_all,內建指令
cd_clear_history_confirm,確定要清除歷史紀錄嗎？\n\n注意：這也會移除已記錄的關鍵字偏好。\n\n可使用內建的「說明文件」指令進一步了解。
cd_add_to_startup,要將新指令加入啟動指令嗎？
cd_add_to_startup_title,加入啟動指令
cd_delete_confirm,要刪除指令嗎？\n若先前建立的工作流程使用了這些指令，刪除後相關步驟將無法再執行。\n\n%1
cd_delete_confirm_title,確認刪除指令
cd_delete_select,選擇要刪除的指令
cd_error_delete,無法刪除指令。\n%1
cd_error_executing,執行指令時發生錯誤：\n%1\n\n%2
cd_exception,指令例外錯誤
cd_helptip,連按兩下指令，可將它加入下方的工作流程步驟。
cd_hide_confirm_title,確認隱藏指令
cd_hide_select,選擇要隱藏的指令
cd_invalid,無效的指令類型：\n%1
cd_none_delete,沒有可刪除的指令。
cd_none_hide,沒有可隱藏的指令。
cd_none_reveal,沒有可重新顯示的隱藏指令。
cd_q_helptip,搜尋指令、動作與已載入的指令碼。
cd_reveal_confirm,要重新顯示指令嗎？\n%1
cd_reveal_confirm_title,確認重新顯示指令
cd_reveal_menu_select,選擇要重新顯示的隱藏選單指令
cd_revealed_total,已重新顯示的隱藏指令總數：\n%1
cd_search_for,搜尋指令、動作與已載入的指令碼。
close,關閉
config,設定
copyright,Copyright 2026 Josh Duncan
cp_config,指令面板設定
cp_q_helptip,搜尋指令、動作與已載入的指令碼。
custom,自訂
custom_commands_all,所有自訂指令
custom_commands_header,"請在下方輸入自訂指令，每行一個。\n\n指令請使用逗號分隔（CSV）格式：\n「指令名稱,指令動作,指令類型」\n\n* 指令之間請勿加入多餘空格。"
defaults,預設值
description,透過鍵盤快速存取 Adobe Illustrator 的大多數選單指令、工具、所有動作與指令碼。也可以使用自訂工作流程組合多個指令、動作與指令碼，依照自己的方式完成工作，減少重複操作並提升效率。
document,文件
document_report,目前文件報告
document_report_warning,文件尚未儲存。請先儲存，再重新產生報告以取得最新資訊。
color_space_title_case,色彩空間
dr_color_space,色彩空間：
dr_file_created,建立時間：
dr_file_found,找到檔案：
dr_filename,檔案：
dr_header,檔案資訊\n-----\n
dr_height,高度：
dr_info_string,Illustrator 文件資訊
dr_name,名稱：
dr_path,路徑：
dr_width,寬度：
file,檔案
file_saved,檔案已儲存：\n%1
fl_error_loading,載入檔案時發生錯誤：\n%1
fl_error_writing,寫入檔案時發生錯誤：\n%1
folder,資料夾
folder_already_watched,資料夾 %1 已在監看中。
fonts,字體
github,按一下以進一步了解
go_to_artboard,前往工作區域
go_to_named_object,前往已命名物件
go_to_named_object_limit,注意：\n這份文件包含大量頁面項目（%1）。載入時請稍候。
go_to_named_object_no_objects,找不到已命名的頁面項目。
go_to_open_document,前往已開啟的文件
history_cleared,歷史紀錄已清除！
layer_title_case,圖層
layers,圖層
menu,選單
menu_commands,選單指令
name_title_case,名稱
no_active_document,目前沒有開啟中的文件。
no_document_variables,文件中沒有變數。
none,無
open_recent_file,開啟最近使用的檔案
picker,選擇器
placed_items,置入項目
history_file_loading_error,載入歷史紀錄時發生錯誤\n已建立歷史紀錄的備份。
path_title_case,路徑
picker_builder_header,請在下方輸入自訂指令，每行一個。
picker_builder_multi_select,啟用多重選取？
picker_builder_name,自訂選擇器名稱
picker_builder_title,自訂選擇器建立工具
picker_builder_save_conflict_message,已有相同名稱的自訂選擇器。\n要用新的選擇器覆寫原有內容嗎？\n%1
picker_builder_save_conflict_title,儲存自訂選擇器時發生衝突
picker_to_edit,選擇要編輯的自訂選擇器。
pickers_all,所有選擇器
pref_file_loading_error,載入偏好設定時發生錯誤\n已建立設定的備份。\n\n%1
pref_file_non_compatible,偏好設定不相容\n偏好設定檔與目前版本的 Ai Command Palette 不相容，系統將更新此檔案。\n\n已建立設定的備份。
pref_update_complete,偏好設定更新完成。
recent_commands,最近使用的指令
remove_watched_folders,選擇要移除的監看資料夾…
remove_watched_folders_confirm,要移除監看資料夾嗎？\n移除資料夾後，其中的指令碼將不再載入；先前工作流程中使用這些指令碼的步驟也將無法執行。\n\n%1
remove_watched_folders_confirm_title,確認刪除監看資料夾
ruler_units_title_case,尺標單位
save,儲存
save_active_document_report,儲存目前文件報告
sc_already_loaded_title,指令碼載入衝突
sc_error_execution,執行指令碼時發生錯誤：\n%1\n\n%2
sc_error_exists,原始路徑中的指令碼已不存在。請嘗試重新載入。\n%1
sc_error_loading,載入指令碼時發生錯誤：\n%1
sc_load_script,載入指令碼
sc_none_selected,未選取指令碼檔案。\n請選擇 JavaScript「.js」或「.jsx」檔案。
sc_total_loaded,已載入的指令碼總數：\n%1
script,指令碼
Scripts,指令碼
set_title_case,組合
spot_colors,特別色
startup_builder,啟動畫面自訂工具
startup_error_saving,儲存啟動指令時發生錯誤。\n已重新載入先前的設定。
startup_helptip,連按兩下指令，可將它加入下方的啟動指令清單。
startup_steps,啟動指令
startup_steps_helptip,啟動指令會依照由上到下的順序顯示。
step_delete,刪除
step_down,下移
step_edit,編輯
step_up,上移
title,Ai Command Palette
tl_all,工具
tl_error_selecting,選取工具時發生錯誤：\n%1\n\n%2
tl_none_available,目前沒有可用的工具。
tool,工具
type_title_case,類型
user_prefs_inconsistency,使用者偏好設定不一致\n偏好設定檔可能來自另一部電腦。\n\n注意：這有小幅機率會造成部分功能無法正常運作。
version,版本 %1
watched_folder_not_found,找不到監看資料夾「%1」！\n可以使用「移除監看資料夾」指令移除此資料夾。
wf_already_exists,已有相同名稱的工作流程。\n要用新的工作流程覆寫原有內容嗎？
wf_already_exists_title,儲存工作流程時發生衝突
wf_builder,工作流程建立工具
wf_choose,選擇要編輯的工作流程
wf_error_saving,儲存工作流程時發生錯誤：\n%1
wf_needs_attention,工作流程需要處理。\n下列動作步驟目前無法使用：\n\n%1
wf_none_attention,沒有需要處理的工作流程。
wf_none_edit,沒有可編輯的工作流程。
wf_not_saved,工作流程尚未儲存。
wf_save,儲存
wf_save_as,工作流程另存為
wf_step_not_editable,無法編輯所選步驟
wf_steps,工作流程步驟
wf_steps_helptip,工作流程會依照由上到下的順序執行。
watched_folder_select,選擇要監看的指令碼資料夾。
workflow,工作流程
Workflows,工作流程
